{
  "aggregate": {
    "faithfulness": 0.8174242424242424,
    "answer_relevancy": 0.7227441075657473,
    "context_precision": 0.9249999999437499,
    "context_recall": 0.925
  },
  "num_questions": 20,
  "failures": []
}